45616340	G	-	100	97
46707486	G	A	100	68
46314071	T	C	100	49
46314090	T	A	100	47
45186546	A	G	100	43
46331670	C	A	100	39
45693964	T	A	100	35
45181310	A	T	100	34
44814520	T	A	100	33
46679030	G	A	100	28
45028378	T	G	100	27
44916822	G	C	100	26
45689113	G	A	100	25
45181434	GA	TT	100	24
45039823	T	G	100	23
47105743	T	-	100	23
44879349	C	G	100	22
46207312	C	T	100	22
46610430	C	G	100	22
47125490	C	T	100	21
45651373	CA	AG	100	20
46330944	C	G	98.6	74
46329435	C	G	98.5	66
46329886	T	-	98.4	125
45805409	A	C	98.4	63
46330664	TC	GCTGT	98.3	59
45805095	T	C	98.3	58
44881227	C	T	98.2	55
46313816	G	A	98.1	53
44881653	G	A	98	98
45186580	T	G	97.9	47
44917064	A	T	97.8	46
46677682	A	G	97.7	43
47065463	T	G	97.7	43
46330904	A	T	97.6	85
45066773	C	T	97.6	42
45186767	T	C	97.6	42
45693850	G	C	97.6	41
45605247	C	T	97.5	40
46331439	A	G	97.5	40
46330349	C	-	97.4	344
44917119	T	C	97.4	39
47065589	T	A	97.4	38
44917211	-	T	97.3	75
46209015	T	C	97.3	75
46466097	G	A	97.3	75
46465988	A	T	97.1	70
46206903	A	C	97.1	35
47065351	T	G	97.1	35
46207691	G	C	97	100
45629963	C	T	97	33
46206995	-	GA	97	33
47125568	C	T	97	33
47105810	-	A	96.9	32
46329331	T	C	96.8	63
44878872	G	C	96.8	31
45689737	G	-	96.8	31
45689742	-	C	96.8	31
46228386	C	G	96.7	121
45659038	C	T	96.7	30
46708706	G	A	96.7	30
45792395	G	T	96.6	58
44916938	G	A	96.6	29
46330497	A	G	96.5	255
46677738	-	T	96.5	113
47065317	A	G	96.5	57
44881518	A	G	96.4	84
46328711	A	C	96.4	83
46207184	T	C	96.4	28
45792383	T	C	96.3	54
45415066	A	G	96.3	27
45455698	T	-	96.3	27
45792361	C	T	96.2	53
45689864	G	C	96.2	26
45807463	A	C	96.2	26
46313629	G	-	96.2	26
46330590	-	CAAG	96	150
46228397	G	T	96	125
46677074	C	A	96	100
45619989	G	C	96	50
46679307	C	A	96	25
46209054	A	G	95.9	73
45804915	A	C	95.8	95
45792474	G	-	95.8	48
46314149	T	A	95.8	48
45040455	A	G	95.8	24
45674405	T	C	95.8	24
45691248	G	A	95.8	24
45691259	G	C	95.8	24
46315094	T	A	95.8	24
46998993	T	G	95.8	24
46330200	A	G	95.7	420
45689710	C	T	95.7	46
46228423	A	G	95.6	113
46466133	A	G	95.6	91
45569628	G	A	95.6	45
46677671	G	T	95.6	45
46208881	GGGGGGT	-	95.5	44
46314139	G	C	95.5	44
45805344	T	C	95.5	22
46207605	AAAAAAA	GTAAAATTT	95.5	22
46312977	T	C	95.5	22
46314910	C	T	95.5	22
44881593	T	C	95.4	87
46999015	A	G	95.2	42
45181250	AA	-	95.2	21
46679374	G	-	95.2	21
47002496	A	C	95.2	21
45692075	T	C	95.1	82
46208278	GTAAGAGAATCCTGCTGTTAATTCAG	-	95.1	82
45615973	A	G	95	161
45805007	A	-	95	100
45630294	T	C	95	40
46314252	A	G	95	40
45651147	G	C	95	20
46708748	C	A	95	20
46733562	AAG	GCA	95	20
46329936	A	G	94.8	172
46208113	C	T	94.7	132
45692057	A	G	94.7	76
45807658	-	T	94.7	75
46208873	-	A	94.7	75
45611075	T	C	94.7	38
45325853	T	-	94.6	37
46610551	A	G	94.6	37
46329940	A	C	94.4	179
45630023	C	G	94.4	36
45651503	A	T	94.4	36
45689444	CA	TACC	94.3	53
46772065	T	C	94.3	35
46772067	T	A	94.3	35
45792515	A	G	94.2	52
46542459	T	A	94.1	34
44881127	T	C	94	50
45028482	T	C	94	50
45792479	G	T	93.9	49
46208877	-	A	93.9	49
45039980	G	AA	93.9	33
46228312	T	C	93.9	33
46345813	T	C	93.9	33
46678995	A	G	93.9	33
45692073	A	G	93.8	80
46999200	C	T	93.8	65
45186500	C	T	93.8	48
45792459	C	A	93.8	48
45689660	TTGCCAT	CTC	93.8	32
46314689	C	G	93.8	32
46676868	-	A	93.8	32
46329322	C	-	93.7	63
45667648	T	C	93.6	47
44917702	A	G	93.5	62
46317504	G	-	93.5	62
45689740	A	-	93.5	31
46706921	C	G	93.5	31
46209066	T	-	93.4	76
45615979	A	C	93.3	165
46208732	G	A	93.3	119
46207248	-	A	93.3	30
46677604	T	C	93.3	30
47125625	C	T	93.3	30
46677085	A	G	93.2	103
46707787	T	-	93.2	44
45805614	A	G	93.1	72
44917035	A	C	93.1	58
46399737	A	G	93.1	29
46708697	T	G	93.1	29
46208480	A	C	93	129
46317411	T	C	93	43
46707607	T	C	92.9	155
46578919	-	G	83.3	42
45619897	C	T	92.9	28
45689101	C	T	92.9	28
45807501	A	TT	92.9	28
46328812	-	T	92.7	110
45805036	G	A	92.6	81
44878853	A	G	92.6	27
44915781	A	G	92.6	27
44916831	-	C	92.6	27
45028356	T	C	92.6	27
46345783	A	G	92.6	27
46680272	T	C	92.6	27
45805367	G	A	92.5	53
46249275	T	C	92.5	40
45629737	G	A	92.3	65
44916825	T	C	92.3	26
45028615	G	C	92.3	26
45615851	T	C	92.2	167
44917173	T	C	92.2	64
46707706	T	G	92.1	114
46954121	A	-	92.1	89
45569486	A	C	92.1	38
46206969	C	T	92.1	38
46249126	G	C	92.1	38
46677594	A	C	92.1	38
46331067	G	C	92	112
45692054	T	C	92	75
44814259	C	G	92	50
45629702	C	T	92	25
45691285	G	A	92	25
45691558	T	C	91.9	74
45792450	G	A	91.8	49
46314080	A	-	91.8	49
46330409	A	G	91.7	204
46208985	-	T	91.7	84
45689544	A	G	91.7	72
46330854	G	C	91.7	72
46677211	C	T	91.7	72
44918027	C	A	91.7	24
45629714	G	-	91.7	24
45651798	A	G	91.7	24
46399398	T	A	91.7	24
46710026	T	A	91.7	24
46208705	A	G	91.6	131
46208971	-	AT	91.5	82
44880325	T	G	91.5	47
47002461	T	C	91.5	47
46330005	GAAAAT	AAAAA	91.4	315
46208761	C	T	91.3	104
46329830	-	AA	91.3	104
44917107	A	T	91.3	46
44882559	T	C	91.3	23
45651404	A	T	91.3	23
45651743	G	-	91.3	23
46679280	T	G	91.3	23
45611110	T	A	91.2	34
45629871	A	G	91.1	56
44917079	C	-	91.1	45
46677095	T	C	91	100
46317293	G	-	90.9	55
45667915	A	G	90.9	33
44954031	G	C	90.9	22
45690464	-	A	90.9	22
46316643	A	C	90.9	22
44882434	T	C	90.8	87
46208929	G	A	90.8	87
46466111	T	C	90.8	76
45805577	T	C	90.8	65
45691433	G	C	90.7	54
46331433	T	G	90.7	43
45181478	G	A	90.6	64
45804735	T	A	90.6	53
45693941	A	G	90.6	32
46313263	C	T	90.6	32
46679209	T	C	90.6	32
46345868	C	A	90.5	42
46707180	C	T	90.5	42
44931450	T	A	90.5	21
46314506	C	G	90.5	21
46678179	A	G	90.5	21
46710036	A	C	90.5	21
44917302	A	T	90.4	83
46329309	A	G	90.3	62
44815046	G	-	90.3	31
45569448	G	C	90.3	31
45668301	T	C	90.3	31
45689279	G	-	90.3	31
45690842	-	C	90.3	31
45855717	G	A	90.3	31
46677139	T	-	90.2	92
46208146	T	C	90.1	142
46329967	T	G	90	249
46207676	T	C	90	110
45615403	T	C	90	100
45186891	A	G	90	50
45805803	A	T	90	50
46707809	T	-	90	50
44917942	G	A	90	40
44918011	A	G	90	30
46470477	C	A	90	30
46709929	T	C	90	30
45805274	G	A	90	20
46207322	T	G	90	20
46316615	G	A	90	20
46440414	T	C	90	20
46679121	T	C	90	20
45691756	A	T	89.9	79
45691463	A	G	89.8	59
46470318	C	A	89.7	39
44916970	C	G	89.7	29
45806674	C	T	89.7	29
46207857	A	G	89.6	192
46317285	A	T	89.6	77
45792442	C	G	89.6	48
47065592	A	T	89.5	38
47113556	C	A	89.5	38
46330243	C	G	89.4	425
46206938	T	C	89.4	47
47002343	A	G	89.3	28
46228453	T	C	89.2	93
46954085	G	A	89.2	83
46331348	A	C	89.2	74
46542159	A	T	89.2	37
46331331	A	T	89	73
44881951	T	C	88.9	135
45611365	G	C	88.9	81
44882748	T	C	88.9	27
45570665	A	G	88.9	27
45694268	G	A	88.9	27
46679010	A	-	88.9	27
45692216	T	C	88.7	62
46331083	G	A	88.6	105
46466255	G	A	88.6	44
46542144	T	C	88.6	35
45616362	A	G	88.5	96
46313975	G	T	88.5	78
45611038	G	A	88.5	52
45690538	A	G	88.5	26
45690597	C	T	88.5	26
46315051	G	A	88.5	26
46316835	C	G	88.5	26
46709869	A	G	88.5	26
45605232	A	G	88.4	43
46330463	A	T	88.3	273
44917385	T	G	88.2	93
45629965	A	G	88.2	34
46329720	T	C	88.1	168
45691949	A	G	88.1	84
45611052	C	T	88	50
44916874	C	G	88	25
45569767	C	-	88	25
44879033	A	T	87.9	33
46313280	T	C	87.9	33
47065578	G	-	87.9	33
46317175	G	T	87.8	90
45689585	A	C	87.8	49
45805537	T	G	87.8	41
46707513	C	T	87.7	73
44917734	T	C	87.7	57
46466230	A	G	87.7	57
46208770	G	A	87.6	113
46707833	T	G	87.5	80
46466114	A	G	87.5	72
46707948	T	-	87.5	64
46314212	A	G	87.5	48
46677805	T	G	87.5	48
45243834	-	A	87.5	24
45651802	T	C	87.5	24
45659083	A	G	87.5	24
46706773	C	T	87.5	24
46207729	T	C	87.4	127
46331055	A	G	87.4	95
46328835	A	G	87.3	118
44879327	T	C	87.2	47
45689705	T	G	87.2	47
46707192	A	G	87.2	47
45691946	G	A	87.1	85
45805672	A	G	87.1	70
45689277	-	C	87.1	31
47125581	T	C	87.1	31
46314031	A	T	42.6	68
46466050	A	G	87	54
46206946	T	C	87	46
45342890	G	A	87	23
45690625	A	G	87	23
46998950	A	G	87	23
45615595	A	G	86.8	106
46677540	T	C	86.8	68
45005263	C	G	86.7	75
44917699	T	C	86.7	60
44688882	G	C	86.7	45
46772090	T	C	86.7	45
45694313	C	A	86.7	30
46954363	T	C	86.6	97
45805679	C	G	86.6	67
46055793	G	A	86.5	52
46095405	T	G	86.5	52
46055750	G	A	86.5	37
46208090	CAATGGA	GAACGG	86.4	103
44731039	CA	TT	86.4	22
44838801	T	C	86.4	22
44915716	CA	GG	86.4	22
44954010	T	C	86.4	22
45415658	G	C	86.4	22
46207036	-	A	86.4	22
46709978	A	T	86.4	22
46998980	A	G	86.4	22
46707774	T	C	86.3	51
46208937	C	G	86.2	87
44915737	T	A	86.2	29
45689268	G	T	86.2	29
45615901	T	C	86.1	165
45005152	G	T	85.9	85
46707303	T	C	85.9	85
44917254	T	C	85.9	64
45181476	T	C	85.9	64
46328698	C	A	13.4	67
46677866	G	A	85.9	64
45615596	T	C	85.8	106
46676947	A	G	85.7	56
46772333	G	C	85.7	42
45569339	A	G	85.7	28
47105774	-	A	85.7	28
45635951	A	T	85.7	21
45651187	T	C	85.7	21
45689044	G	A	85.7	21
46208625	T	C	85.5	124
46328809	A	G	85.5	110
46954063	A	C	85.5	76
45792226	A	G	85.5	62
46677226	-	T	85.5	62
45616035	C	T	85.4	151
45569598	T	A	85.4	41
46208061	T	C	85.3	95
44915784	A	C	85.2	27
45415064	T	G	85.2	27
45415815	G	C	85.2	27
45570618	C	A	85.2	27
46399481	A	C	85.2	27
45691905	T	C	85.1	94
46313706	A	G	85.1	47
45692248	T	A	85	60
45186646	TAGAGCAAT	AAG	85	40
45806346	-	T	85	20
45807437	A	G	85	20
45807590	A	C	85	20
46679490	A	G	85	20
46208513	G	A	84.9	119
45792485	G	A	84.9	53
46208306	-	A	84.8	99
45619915	A	G	84.8	46
45693722	T	C	84.8	46
45693940	A	T	84.8	33
46208601	T	C	84.7	137
45616292	T	C	84.7	72
46329438	C	T	84.6	65
45792506	T	A	84.6	52
45040495	C	G	84.6	26
45616817	A	G	84.6	26
45693635	CTCCTCTCTTAC	-	84.6	26
45804975	T	C	84.5	58
45039917	T	C	84.4	32
45569452	G	T	84.4	32
46345997	T	C	84.4	32
46677165	C	T	84.3	102
45181560	C	G	84.3	51
44882308	C	T	84.2	171
46313857	TTT	CTA	84.1	69
45611214	G	A	84.1	63
45667514	T	G	84.1	63
44917454	T	A	84	100
45619963	G	A	84	75
44915831	C	G	84	25
45616929	A	G	84	25
45635995	T	C	84	25
45636081	A	G	84	25
46772128	A	G	84	25
47158277	A	T	84	25
46677907	T	C	83.9	87
45690740	G	A	83.9	31
45692425	TTAA	-	83.9	31
46313309	T	G	83.9	31
44881776	T	C	83.8	105
44915538	T	G	78.9	38
46000511	T	C	83.7	43
44879587	TT	G	83.6	67
46317460	T	C	83.6	67
45629867	AT	GA	83.6	55
46317148	A	C	83.5	97
45805067	A	G	83.3	78
45181545	T	C	83.3	60
46676893	A	G	83.3	54
45804727	T	A	83.3	48
46677640	G	C	83.3	42
45039976	A	-	83.3	36
45325776	A	G	83.3	36
45693872	-	AACGTCT	83.3	36
46677274	G	A	83.3	36
46756230	T	C	83.3	30
45040447	-	G	83.3	24
45690602	A	G	83.3	24
46708729	T	A	83.3	24
46328781	T	-	59.3	135
45805206	A	G	83.1	77
45805686	T	G	83.1	65
45629724	A	G	83.1	59
46954145	T	A	83	88
45028503	T	C	83	47
46314240	T	G	82.9	41
45611114	A	C	82.9	35
45843182	C	A	82.9	35
46329214	T	-	82.9	35
46677532	A	-	82.9	35
46328862	T	C	82.8	145
46466176	T	C	82.8	93
44917710	T	C	82.8	58
45611191	T	G	82.8	58
45028315	T	A	82.8	29
45611081	T	A	82.8	29
46341371	C	A	82.8	29
45805002	-	C	82.7	98
45691982	G	A	82.6	86
45615347	-	AAAGTGAGG	82.6	69
46466365	G	A	82.6	23
46702604	A	-	82.6	23
46998990	T	C	82.6	23
47075492	T	G	82.6	23
44814853	G	C	82.5	40
45584411	A	G	82.4	51
45616627	C	G	82.4	34
45693315	T	A	82.4	34
45005165	C	T	82.1	84
45611391	-	T	82.1	67
45085228	T	C	82.1	39
45181400	A	G	82.1	28
45569372	C	T	82.1	28
45569407	C	T	82.1	28
46000344	T	C	82.1	28
45616139	A	G	82	111
46314056	A	T	81.8	55
46707795	T	C	81.8	44
46314637	C	T	81.8	33
46470443	T	C	81.8	33
44731015	G	C	81.8	22
45658947	T	C	81.8	22
45807646	A	G	81.7	71
46329464	T	-	81.7	71
44917265	T	C	81.7	60
45005308	T	G	81.6	49
45689735	-	C	81.6	38
44878849	G	A	81.5	27
45005351	A	G	81.5	27
45570628	T	C	81.5	27
45689136	A	-	81.5	27
45689845	A	G	81.5	27
46000756	A	G	81.5	27
45805602	T	C	81.3	75
44918003	C	A	81.3	32
45692484	A	G	81.3	32
46680122	A	-	81.3	32
47002361	T	C	81.3	32
46329883	C	T	27.2	125
46710041	G	C	81	21
45616410	T	G	80.9	89
45691790	C	T	80.9	68
46706967	A	G	80.9	68
45693824	A	C	80.9	47
45028359	T	C	80.8	26
46313519	ACAA	-	80.8	26
46317356	A	G	80.7	83
46208628	G	C	80.6	124
46399759	T	G	80.6	36
46772322	T	C	80.6	36
45693429	T	C	80.6	31
46465942	TTTTT	CTTTC	80.5	41
46636136	T	C	80.3	61
46317226	A	G	80.2	96
45807697	C	T	80	55
46317290	T	C	80	55
47054155	T	C	80	40
44692049	G	T	80	35
45619907	A	T	80	35
45807616	C	T	80	35
46708078	G	A	80	30
44706379	A	G	80	25
44915938	T	C	80	25
45610769	T	G	80	25
45659010	T	G	80	25
45691237	A	T	80	25
45693119	A	G	80	25
46316839	T	C	80	25
46470221	C	T	80	25
45570288	C	T	80	20
45651704	C	G	80	20
45807415	T	C	80	20
46314819	C	T	80	20
46316865	-	A	80	20
47173649	T	G	80	20
46329829	-	A	79.8	104
45034598	C	G	79.6	49
44814323	T	C	79.5	44
44917113	A	G	79.5	44
45325892	T	C	79.5	39
45569528	T	C	79.5	39
44879163	T	C	79.4	34
44879178	G	A	79.4	34
45693328	A	T	79.4	34
46677005	A	G	79.3	58
44715741	G	C	79.3	29
45806681	C	T	79.3	29
46636023	A	C	79.3	29
47105783	-	A	79.3	29
45636178	T	C	79.2	24
45693095	T	C	79.2	24
45693440	A	G	79.2	24
45804378	C	T	79.2	24
45805292	A	G	79.2	24
45806327	C	T	79.2	24
46399430	A	-	79.2	24
44880227	A	T	79.1	43
45605280	T	-	79.1	43
45692322	A	C	79.1	43
46317061	G	-	79.1	43
45616227	T	C	78.9	90
44917740	C	G	78.9	57
46437306	T	A	78.9	57
46055790	T	C	78.8	52
46707679	C	A	78.7	127
46330085	T	C	78.6	425
46707912	A	T	78.6	98
45689285	A	T	78.6	42
45865826	A	G	78.6	42
45276043	T	C	78.6	28
45689838	G	C	78.6	28
46313527	-	TAG	78.6	28
45691938	T	G	78.5	79
45792418	C	T	78.4	51
46000520	T	G	78.4	51
45792467	G	T	78.3	46
44916756	T	C	78.3	23
45181428	-	A	78.3	23
46328729	-	T	78.2	119
44881746	T	C	78.2	101
47065307	A	G	78.1	73
44917256	T	C	78.1	64
45806664	T	C	78.1	32
46399536	A	T	78.1	32
46542560	A	G	78.1	32
46208193	A	G	78	168
46328772	GT	TC	78	132
44881153	C	T	78	50
45691811	T	C	77.8	81
46331451	A	G	77.8	45
47054238	T	C	77.8	45
45630030	GG	C	77.8	36
45693369	T	A	77.8	36
44878694	C	T	77.8	27
45690855	G	C	77.8	27
45843138	T	C	77.8	27
45867157	T	C	77.8	27
46313734	A	G	77.5	71
45693950	G	C	77.4	31
44917205	G	A	77.3	75
46954410	T	C	77.3	75
46000557	A	G	77.3	66
44878713	A	-	77.3	22
44954042	A	C	77.3	22
46472562	G	A	77.3	22
46677428	T	G	77.3	22
46208052	T	C	77.2	101
45610830	A	G	77.1	35
46708045	T	C	77.1	35
46317540	T	C	76.9	65
46329282	ACA	CCC	76.9	52
45691368	G	C	76.9	39
45569335	A	G	76.9	26
45693437	A	G	76.9	26
45806587	A	G	76.9	26
46680282	A	G	76.9	26
46329682	A	C	76.8	112
44881419	A	G	76.7	86
46000588	-	C	76.7	73
45689274	A	G	76.7	30
46207358	A	C	76.7	30
45005088	G	A	76.5	51
46329277	A	G	76.5	51
46345820	T	C	76.5	34
46329919	A	G	76.4	178
46677889	A	G	76.3	80
45569507	G	T	76.3	38
44879647	G	-	76.2	84
46313479	A	-	76.2	42
45181202	T	C	76.2	21
45618015	T	C	76.2	21
45636214	G	A	76.2	21
46330750	A	G	76.1	92
44917082	-	C	76.1	46
44917005	A	C	76	50
47065430	T	C	76	50
44878820	A	T	76	25
45583677	G	T	76	25
46330370	T	C	75.9	328
44689013	T	G	75.8	66
46677528	T	G	75.8	33
44917679	A	G	75.7	70
44814747	A	C	75.7	37
45630119	T	C	75.7	37
45807513	G	T	75.7	37
46676850	T	G	75.7	37
45615658	A	G	75.6	127
45691889	A	G	75.5	94
45691682	T	A	75	80
47065489	A	G	75	60
46677384	A	G	75	48
46207526	A	G	75	44
45843223	T	G	75	40
46677243	T	C	75	36
44715809	G	A	75	32
45569432	A	G	75	32
45693231	T	G	75	32
45693944	A	G	75	32
44916770	A	G	75	28
45570692	A	G	75	28
45610772	A	G	75	24
45615019	G	A	75	24
45629711	TA	CC	75	24
45659079	C	G	75	24
46610514	T	C	75	24
46613398	T	-	75	24
45617051	T	C	75	20
45651380	T	C	75	20
46207325	T	C	75	20
46473140	T	C	75	20
46329787	T	-	74.9	191
46707566	T	G	74.8	111
44879959	TT	C	74.5	51
45584412	T	C	74.5	51
46676889	T	G	74.5	51
47065478	A	G	74.5	47
46329461	-	G	74.3	74
45005336	A	C	74.3	35
46706991	G	A	74.3	35
45792213	C	A	74.2	62
46206846	T	C	74.2	31
46209175	A	G	74.2	31
46678783	T	C	74.2	31
47113530	T	C	74.2	31
45028294	A	G	74.1	27
45144182	G	C	74.1	27
45570658	G	-	74.1	27
46709881	C	T	74.1	27
46330737	A	G	74	77
45658976	C	A	73.9	23
45693983	A	G	73.8	42
44882137	T	C	73.7	133
45843208	C	T	73.7	38
46676959	T	G	73.7	38
46313736	G	C	73.6	72
47065388	A	G	73.5	49
46465895	C	A	73.5	34
46470404	A	G	73.5	34
46208234	A	C	73.3	180
45691410	T	C	73.3	45
46330437	A	G	73.1	305
46208469	T	-	73.1	134
45805123	A	G	73.1	52
47065424	T	C	73.1	52
44706342	A	G	73.1	26
45690548	T	C	73.1	26
45690899	G	C	73.1	26
46207722	G	A	73	122
44814814	A	T	73	37
45807509	C	T	73	37
46329676	A	T	72.9	96
44814943	T	C	72.9	48
46676867	C	-	72.7	33
45569906	A	G	72.7	22
45674401	T	C	72.7	22
45690466	T	-	72.7	22
45690629	GGG	AGA	72.7	22
45690643	A	G	72.7	22
46440144	T	C	72.7	22
46772302	T	C	72.7	22
46998982	C	G	72.7	22
46447559	A	G	72.6	62
45792326	T	C	72.5	51
46345791	T	G	72.4	29
45610793	T	CA	72.2	54
44915634	TTCT	CC	72.2	36
45690706	T	C	72.2	36
46677660	A	G	72.1	43
45616129	A	G	72	107
45805522	G	A	72	50
44813682	G	C	72	25
45325498	T	C	72	25
46679240	A	T	72	25
46772165	A	G	72	25
46228308	T	G	71.9	32
46315002	A	G	71.9	32
46680156	C	-	71.8	39
45584385	A	G	71.7	60
45792412	T	C	71.7	53
45583625	T	A	71.4	49
46399613	A	T	71.4	35
45569379	T	A	71.4	28
46314962	C	T	71.4	28
46679777	A	G	71.4	28
45243832	A	-	71.4	21
46296264	C	A	71.4	21
46304130	T	A	71.4	21
46601953	A	G	71.4	21
45805139	G	A	71.2	59
44814075	T	C	71.1	45
45689188	G	A	71.1	38
45651558	T	C	71	31
45690739	T	C	71	31
45690797	A	G	71	31
45693540	T	C	71	31
46314321	CC	TT	71	31
46331106	G	A	70.8	130
45792476	G	A	70.8	48
44878732	G	A	70.8	24
44917713	-	A	70.7	58
45611022	T	C	70.7	58
45807539	CA	GG	70.7	41
46707752	T	C	70.6	51
44879164	A	G	70.6	34
45325757	A	G	70.6	34
44688845	T	C	70.4	27
45570574	-	A	67.9	28
44882171	T	C	70.3	145
46470241	T	C	70.3	37
44882355	G	A	70.2	121
45629832	T	G	70.1	77
46209035	A	G	70.1	77
46677313	G	C	70	50
47113591	G	A	70	40
46708084	T	C	70	30
45569825	C	T	70	20
46473133	T	C	70	20
46709799	C	-	70	20
46709970	G	A	70	20
47002499	C	T	70	20
45611333	A	C	69.9	113
44879767	T	C	69.9	73
46317088	T	C	69.9	73
45843280	G	A	69.8	43
44917274	T	C	69.7	66
45066835	A	G	69.7	33
45629938	T	C	69.7	33
45807604	T	C	69.7	33
46472681	G	A	69.7	33
46677880	A	G	69.6	69
46677000	C	T	69.6	56
44759705	C	G	69.6	23
44954051	A	G	69.6	23
45028635	T	G	69.6	23
45569864	G	A	69.6	23
46679107	A	C	69.6	23
45805779	G	A	69.4	62
46707992	C	G	69.4	62
45615800	A	G	69.3	153
46314176	T	C	69.2	52
46314198	A	C	69.2	52
46708031	A	G	69.2	39
46772387	A	C	69.2	39
44915790	T	C	69.2	26
45570555	G	C	69.2	26
45651606	T	C	69.2	26
45694338	T	C	69.2	26
46399439	T	C	69.2	26
46466055	T	C	69.1	55
44880261	T	C	69	42
45186783	C	T	69	42
44715777	C	T	69	29
44915734	T	C	69	29
45570710	C	T	69	29
45843364	T	C	69	29
45805766	T	C	68.8	64
44814958	C	T	68.8	48
46208757	T	C	68.6	102
45792380	T	C	68.5	54
45691799	T	C	68.4	76
45605204	T	C	68.4	38
45615565	A	G	68.3	104
44881304	T	C	68.3	63
45028535	G	T	68.3	41
46317576	A	T	68.3	41
46954032	A	G	68.2	66
46314125	C	T	68.2	44
44878638	G	A	68.2	22
45135922	G	C	68.2	22
45570804	A	C	68.2	22
45690470	T	C	68.2	22
45843433	A	G	68.2	22
46466342	A	G	68.2	22
46610492	A	G	68.2	22
46772299	T	A	68.2	22
45615236	A	G	68	50
45619926	A	G	68	50
45619927	A	T	68	50
46707425	G	A	68	50
45325480	A	G	68	25
45325485	T	C	68	25
45636116	T	C	68	25
45615028	A	G	67.9	28
45692502	T	G	67.9	28
46314550	A	G	67.9	28
46472649	T	C	67.9	28
44882039	A	G	67.8	143
46330467	T	C	67.7	266
45615665	A	G	67.7	127
44881826	G	C	67.7	124
46706827	A	C	67.7	31
44879054	A	T	67.6	34
44879692	G	A	67.5	77
44879251	CC	TG	67.5	40
44880415	T	C	67.4	46
44879091	A	G	67.4	43
46314233	T	C	67.4	43
46613341	T	C	67.4	43
45615542	T	C	67.3	104
44917840	G	-	67.3	55
46209110	AA	-	67.3	52
45804835	A	G	67	91
46329780	C	G	66.8	202
46331224	T	G	66.7	114
45615544	A	G	66.7	102
46317183	A	-	66.7	84
45615330	A	G	66.7	69
45034666	A	C	66.7	54
46999026	A	G	66.7	51
45689637	T	G	66.7	42
45005328	A	G	66.7	39
44915870	A	G	66.7	33
45569741	C	T	66.7	30
46328925	CA	TCG	66.7	30
47002351	C	T	66.7	30
45118034	A	G	66.7	27
45806033	A	T	66.7	27
46472604	T	G	66.7	27
45034557	T	C	66.7	24
45181430	AT	C	66.7	24
45570786	A	G	66.7	24
45690578	A	G	66.7	24
45843414	T	G	66.7	24
46472999	A	C	66.7	24
45570294	T	C	66.7	21
45570312	C	-	66.7	21
45570825	T	C	66.7	21
45807405	T	C	66.7	21
46473129	G	C	66.7	21
46679342	A	C	66.7	21
46708652	T	A	66.7	21
44879512	T	-	66.3	83
45034624	A	G	66.2	68
45611219	A	G	66.2	68
46329932	TG	CA	66.1	168
46317384	A	G	66	53
44915888	A	G	65.9	41
46345894	T	C	65.9	41
46578962	A	G	65.9	41
47002218	A	-	65.9	41
46472726	A	C	65.7	35
45692238	A	C	65.6	61
45630302	A	G	65.6	32
46313264	A	G	65.6	32
45040421	A	G	65.5	29
45690763	T	C	65.5	29
45325504	T	C	65.4	26
45611461	T	A	65.4	26
45746454	A	G	65.4	26
45807465	T	-	65.4	26
46313515	C	A	65.4	26
46472918	C	T	65.4	26
45667769	T	C	65.3	49
44688965	G	A	65.2	66
45039820	G	A	65.2	23
46473125	G	T	65.2	23
45805079	T	G	65.1	63
45584320	T	A	65	40
46542231	C	T	65	40
44869071	C	T	65	20
45040403	G	C	65	20
45689354	T	-	65	20
45804350	T	C	65	20
46314897	T	A	65	20
46331702	G	-	65	20
46334138	C	G	65	20
44813737	C	T	64.9	37
45615131	T	G	64.9	37
46706926	T	C	64.9	37
46330413	A	G	64.8	213
46707674	C	T	64.8	128
44881062	T	-	64.7	51
46328750	T	C	64.6	164
46636090	C	G	64.6	65
45667658	G	T	64.6	48
44715768	G	T	64.5	31
45243873	T	C	64.5	31
46437198	C	T	64.5	31
46314135	T	C	64.4	45
46317392	A	G	64.4	45
45667629	C	-	64.3	56
46000616	A	G	64.3	42
46677677	C	T	64.3	42
45569383	G	T	64.3	28
45610848	A	T	64.3	28
45611196	A	G	64.2	53
46788861	A	T	64.1	39
46707885	A	G	64	114
45583629	A	G	64	50
45667640	C	T	64	50
45570783	T	C	64	25
45616937	A	G	64	25
45746459	T	C	64	25
46313167	A	G	64	25
47002046	A	T	64	25
45005265	A	G	63.9	72
45616503	C	T	63.9	61
46209106	T	G	63.9	61
45502742	C	T	63.9	36
46399774	A	C	63.9	36
46313875	T	-	63.8	69
47002264	A	G	63.6	66
44879984	T	C	63.6	55
45692478	A	G	63.6	33
44954012	T	C	63.6	22
45181389	C	T	63.6	22
45293886	T	C	63.6	22
46205590	C	G	63.6	22
46312972	T	C	63.6	22
46709959	C	T	63.6	22
46999088	T	C	63.5	74
45615244	A	G	63.5	52
46329789	-	T	63.4	191
45569604	T	G	63.4	41
44715830	G	A	63.3	30
45629980	T	C	63.3	30
45867150	A	G	63.3	30
46331325	T	A	63.2	76
45691513	A	G	63.2	68
45302609	C	T	63.2	38
46317389	G	A	63	46
46399485	T	C	63	27
46330398	T	A	62.9	256
47002412	A	G	62.9	35
44881525	A	G	62.7	83
45616452	A	G	62.7	75
45667635	A	C	62.7	51
45667645	G	T	62.5	48
44880186	-	AA	62.5	40
44814503	A	G	62.5	32
46399725	C	G	62.5	32
46472809	A	G	62.5	32
45570792	T	C	62.5	24
46345601	G	T	62.5	24
45805213	C	T	62.3	53
45805951	C	T	62.2	45
45569755	T	A	62.1	29
45570728	A	T	62.1	29
45615032	AA	GG	62.1	29
45630305	-	CA	24.1	29
46707983	T	C	61.9	63
45570828	A	C	61.9	21
45658905	C	G	61.9	21
45805276	T	-	61.9	21
45843437	T	A	61.9	21
45946911	A	C	61.9	21
46314461	-	C	61.9	21
46334145	T	C	61.9	21
46331367	A	G	61.8	68
45302573	T	C	61.8	34
45689229	-	G	61.8	34
45693696	A	C	61.7	47
47002433	A	G	61.7	47
46208684	A	G	61.5	143
45616952	A	G	61.5	26
46248963	C	G	61.5	26
45186850	T	C	61.4	57
46677388	A	C	61.4	44
46314649	A	T	61.3	31
45805922	T	C	61.2	49
46313819	T	C	61.1	54
46677336	-	T	61.1	54
45807618	A	G	61.1	36
46472720	G	A	61.1	36
46330789	-	ACA	61	100
45693928	A	G	61	41
46470255	A	G	61	41
44879355	A	G	60.9	23
45276110	T	C	60.9	23
45658965	C	G	60.9	23
46466354	A	G	60.9	23
45028350	A	G	60.7	28
46677130	A	C	60.6	94
45807474	C	G	60.6	33
45605277	CGG	GGC	53.5	43
45616003	A	G	60.4	164
45792308	G	A	60.4	53
45792414	A	G	60.4	53
46329922	T	C	60.2	176
45615996	A	G	60.2	166
45804930	A	G	60.2	83
46330412	C	T	60	205
44879909	TATT	-	60	55
45186874	A	T	60	55
45569513	T	C	60	40
44814774	GG	AA	60	35
45325845	C	A	11.4	35
45689254	A	G	60	35
44701931	G	A	60	25
45276179	T	A	60	25
46708107	T	C	60	25
45619886	T	C	60	20
46085747	C	A	60	20
46334125	G	T	60	20
46334153	G	C	60	20
46334155	C	T	60	20
46330575	G	A	59.8	219
45805572	G	A	59.7	62
46707577	A	G	59.6	109
46317272	A	T	59.6	94
44917878	TG	CA	59.6	52
46208574	T	A	59.5	126
44878985	G	A	59.5	37
46314554	T	C	59.4	32
46399556	AAAAA	GAAAC	59.4	32
44881840	T	C	59.3	123
46677574	T	C	59.3	59
46437212	T	C	59.1	44
44878635	T	A	59.1	22
46304113	A	G	59.1	22
46312983	T	-	59.1	22
46578980	GTGAGGTTTTGAGAATTG	-	59.1	22
46679397	T	C	59.1	22
47125497	CTTTT	TTTTC	59.1	22
45805850	A	G	59	39
46208570	C	T	58.9	124
44879041	C	T	58.8	34
45569459	T	A	58.8	34
46317421	C	T	58.7	63
46313460	T	A	58.7	46
47065531	T	-	58.7	46
46470484	A	T	58.6	29
46470488	T	C	58.6	29
46208174	A	G	58.5	164
45805580	C	A	58.5	65
45085203	T	C	58.5	41
45569601	A	G	58.5	41
46706879	G	A	58.5	41
46329259	T	C	58.3	60
45143937	G	C	58.3	24
45806264	C	T	58.3	24
46756217	A	G	58.3	24
44917818	T	C	58.2	55
46055257	T	G	58.1	43
45690799	T	C	58.1	31
46706917	T	C	58.1	31
46208837	A	G	58	143
45689185	T	A	57.9	38
45805843	C	T	57.9	38
46345918	T	C	57.9	38
44878926	TT	G	57.7	26
45616839	T	C	57.7	26
45651629	T	C	57.7	26
45697695	A	T	57.7	26
46472637	A	G	57.7	26
44715749	T	C	57.6	33
45605220	G	A	57.5	40
45693715	A	-	57.4	47
44958388	T	C	57.2	138
45615794	C	-	57.1	156
45689434	C	T	57.1	63
45467523	A	C	57.1	49
44915646	C	T	57.1	42
45615043	A	G	57.1	35
45693551	A	G	57.1	28
46472942	G	-	57.1	28
44943404	A	G	57.1	21
45415757	T	C	57.1	21
45946878	C	T	57.1	21
46228450	A	C	57	93
46329818	A	G	40.8	174
44880586	T	C	56.9	51
45667686	G	-	56.8	44
45611477	A	G	56.7	30
45693591	C	G	56.7	30
46815421	-	G	56.7	30
46677012	C	T	56.5	69
46209140	A	T	56.5	46
46313801	T	-	56.5	46
44939392	T	C	56.5	23
45415839	T	C	56.5	23
46473115	A	T	56.5	23
46866727	G	A	56.5	23
47002059	T	C	56.5	23
45611146	TG	CC	56.4	55
46095292	C	A	56.4	39
45605307	G	T	56.3	32
45693224	A	G	56.3	32
45616215	AA	-	56.2	89
46208814	T	C	56	141
44915940	A	G	56	25
46472904	A	G	56	25
44879213	TGAAA	C	55.9	34
46313320	CA	TC	55.9	34
44882258	C	T	55.8	172
44814141	A	G	55.8	43
47054213	A	G	55.6	45
46345975	T	C	55.6	36
46315042	G	A	55.6	27
46331063	T	C	55.4	112
46207211	T	-	55.3	47
44881973	G	A	55.2	145
45693567	T	C	55.2	29
46472645	T	C	55.2	29
46708694	T	C	55.2	29
46314084	C	T	55.1	49
46613350	A	G	55.1	49
45651137	C	T	55	20
45806250	T	A	55	20
46314812	T	C	55	20
46316618	C	T	55	20
46480033	G	A	55	20
46677741	T	C	54.9	113
46329386	T	G	54.9	71
45804800	T	C	54.8	62
44814139	A	G	54.8	42
44692011	T	C	54.8	31
45611093	C	T	54.8	31
45843154	A	G	54.8	31
46679059	T	A	54.8	31
46208751	C	A	54.6	108
44917291	T	C	54.5	77
45804821	A	G	54.5	77
45325643	A	G	54.5	33
46465889	T	A	54.5	33
46610151	A	G	54.5	33
45146062	AGGA	GG	54.5	22
45616994	A	G	54.5	22
46314922	A	G	54.5	22
46693827	A	G	54.5	22
44880546	T	C	54.3	46
45667730	C	G	54.3	46
45693836	C	T	54.3	46
44814622	T	C	54.3	35
45619905	C	T	54.3	35
45804776	T	C	54.2	59
45806562	TA	AG	54.2	24
46470516	T	C	54.2	24
46679448	T	C	54.2	24
46680324	C	T	54.2	24
45629822	A	G	54	87
46466016	T	C	54	50
44917378	A	C	53.9	89
45611043	C	T	53.8	52
45805853	T	C	53.8	39
45583672	A	G	53.8	26
45636155	T	G	53.8	26
47002486	T	C	53.8	26
46208368	A	C	53.7	136
46677133	A	G	53.7	95
45805623	T	C	53.7	54
45066763	A	C	53.7	41
47054158	C	A	53.7	41
46954362	A	G	53.6	97
46707338	T	G	53.6	69
44915796	A	G	53.6	28
45693240	A	G	53.6	28
46208151	A	G	53.5	144
45667670	A	G	53.5	43
44688937	T	C	53.4	58
46677694	T	-	53.3	60
45181617	A	C	53.3	30
45690678	T	C	53.3	30
46208701	A	G	53.1	130
45616206	GCTTCCT	-	52.9	87
46329499	C	T	52.9	68
46466264	A	C	52.9	34
46647525	A	G	52.9	34
46706833	T	G	52.9	34
44882111	T	A	52.8	142
46466107	A	G	52.8	72
45843316	T	C	52.6	38
45805360	C	T	52.4	42
46707416	G	-	52.4	42
45145820	T	A	52.4	21
46296370	G	A	52.4	21
46693844	C	G	52.4	21
46693852	G	T	52.4	21
46710057	C	T	52.4	21
46799487	C	T	52.4	21
46799494	G	A	52.4	21
46799501	G	A	52.4	21
47126435	C	A	52.4	21
46331448	C	T	52.3	44
46677656	T	C	52.3	44
44838752	T	C	52.2	23
45569920	T	G	52.2	23
45691197	A	G	52.2	23
45806568	A	G	52.2	23
46316574	T	C	52.2	23
46330573	G	-	52	221
45691232	G	A	52	25
45946787	T	G	52	25
46330739	C	T	51.9	77
45792248	A	G	51.9	54
44915852	TT	-	51.9	27
45689140	TGC	GCA	51.9	27
46007603	G	A	51.9	27
46328931	A	T	14.3	28
46584978	T	A	51.9	27
46707646	T	-	51.8	141
46331092	G	A	51.8	137
45805485	A	G	51.8	85
44882104	T	C	51.7	143
46677826	T	C	51.7	60
45689828	T	C	51.7	29
44692057	C	T	51.6	31
45689745	T	C	51.6	31
45805629	T	C	51.5	66
47002338	T	C	51.5	33
44813896	G	A	51.4	37
45455691	T	C	51.4	35
46585174	T	C	51.4	35
46708043	A	G	51.4	35
44879552	T	C	51.3	80
45615081	A	G	51.3	39
46316988	T	C	51.3	39
45615894	T	A	51.2	166
45615202	A	G	51.2	43
45843287	T	C	51.2	43
47002419	G	T	51.2	43
44880060	G	A	51.2	41
45066783	T	G	51.2	41
46330682	C	G	51.1	88
45792464	T	G	51.1	47
45804939	A	T	50.8	63
46330289	C	T	50.7	363
46228355	C	G	50.5	95
46317216	A	G	50.5	93
44882015	A	T	50	150
46329889	T	C	50	136
46954254	A	G	50	122
46330841	T	G	50	94
45792297	G	T	50	60
45689676	T	C	50	46
45615196	G	A	50	42
45843239	G	A	50	42
46207515	T	C	50	42
46772056	A	G	19	42
44917960	T	A	50	36
46585158	A	G	50	34
47002336	A	G	50	34
47125569	A	G	50	34
46706825	G	A	50	30
45276038	A	T	50	28
45276096	A	G	50	28
46207393	G	-	50	28
46437624	A	T	50	28
45689059	A	G	50	26
45690653	T	C	50	26
45746463	A	G	50	26
46472633	A	G	50	26
46610610	T	-	50	26
46675021	C	T	50	26
47075480	A	G	50	26
46401835	GAC	AAA	50	24
46401844	G	A	50	24
46480199	T	C	50	24
46710101	T	G	50	24
44759667	G	A	50	22
44807181	T	G	50	22
45293882	T	C	50	22
45569842	G	T	50	22
45605439	A	G	50	22
45843423	A	G	50	22
46304070	A	G	50	22
46314844	T	C	50	22
46466339	A	G	50	22
46479822	AA	-	50	22
46674968	T	G	50	22
46680067	T	C	50	22
46693840	T	C	50	22
46693865	C	T	50	22
46693867	C	A	50	22
46693882	C	T	50	22
46871021	G	T	50	22
44759709	C	-	50	20
45144106	AA	GG	50	20
45651151	G	A	50	20
46693814	T	A	50	20
46693816	C	T	50	20
46707084	T	G	50	20
46799486	G	T	50	20
46871044	A	C	50	20
46330268	-	C	49.9	397
46207665	A	G	49.6	127
44881727	A	G	49.5	99
44881357	T	C	49.2	63
45584370	A	-	49.2	61
44879419	CCA	-	49	51
44882392	T	A	48.9	92
45804969	A	G	48.9	45
46313482	G	A	48.8	43
45804806	A	G	48.6	72
45005068	G	A	48.6	37
45293832	G	C	48.6	35
45605295	C	T	48.6	35
46585180	G	T	48.6	35
46208352	T	-	48.5	134
44879111	C	-	48.5	33
46207265	A	T	48.5	33
46313251	T	C	48.5	33
46585199	A	T	48.5	33
46331168	A	G	48.4	190
44879889	A	G	48.4	62
45410617	T	C	48.4	31
46313690	T	C	48.4	31
46314660	A	T	48.4	31
46472761	T	C	48.4	31
46679161	G	T	48.4	31
46007595	A	G	48.3	29
46466040	T	C	48.1	52
46472926	A	G	48.1	27
46585319	G	C	48.1	27
46675006	G	T	48.1	27
46675015	A	C	48.1	27
44727352	A	C	48	25
45028368	T	C	48	25
46401805	G	A	48	25
46674995	T	A	48	25
47065552	G	A	47.9	48
44917626	A	T	47.8	90
45143930	T	C	47.8	23
45615007	-	GAG	47.8	23
46401853	A	G	47.8	23
46674982	A	G	47.8	23
45467503	T	C	47.7	44
45689217	T	C	47.6	42
44869122	G	A	47.6	21
45144105	C	T	47.6	21
45414932	TG	-	47.6	21
45569942	G	A	47.6	21
45605427	A	G	47.6	21
46314921	C	-	47.6	21
46479824	-	TC	47.6	21
46479832	T	C	47.6	21
46674949	A	G	47.6	21
46675056	G	A	47.6	21
46693799	G	T	47.6	21
46693857	A	G	47.6	21
46693861	A	G	47.6	21
46850482	A	G	47.6	21
47002491	G	T	47.6	21
47125480	G	A	47.6	21
44915642	A	G	47.5	40
45804705	T	C	47.5	40
47065598	T	C	47.5	40
44879480	C	T	47.4	78
46313491	AA	TT	47.4	38
46466270	A	T	47.4	38
44881788	C	T	47.2	108
44814371	C	T	47.2	53
46331409	A	C	47.2	53
46677581	G	A	47.2	53
46399767	T	C	47.2	36
46466290	G	-	47.2	36
46707401	T	C	47.2	36
46328904	T	C	47.1	70
45034683	C	-	47.1	51
45630245	T	C	46.9	49
45034710	C	A	46.9	32
46680119	C	GG	46.9	32
45616387	T	G	46.8	94
46328778	C	A	46.7	137
46677237	T	C	46.7	45
45276149	T	C	46.7	30
45570723	T	G	46.7	30
47125619	A	G	46.7	30
47125621	C	T	46.7	30
46677720	G	A	46.6	116
44881769	C	G	46.5	101
44814039	G	A	46.5	43
46228465	C	T	46.4	97
45616257	C	T	46.4	69
45674469	T	C	46.4	28
46585254	A	G	46.4	28
46706819	T	C	46.4	28
46850385	C	G	46.4	28
47002313	A	C	46.4	28
45792377	C	T	46.3	54
47002236	A	G	46.3	54
46313416	C	A	46.3	41
46317470	A	G	46.2	65
45616820	A	G	46.2	26
45689135	C	-	46.2	26
46208639	T	G	46.1	141
45804942	A	G	46	63
44881131	C	T	46	50
44813983	C	T	45.9	37
45792302	G	A	45.8	59
44882843	A	T	45.8	24
45689115	G	A	45.8	24
45690647	T	C	45.8	24
46401754	G	A	45.8	24
46401874	C	T	45.8	24
46472620	T	C	45.8	24
46676612	T	A	45.8	24
46679842	T	C	45.8	24
45667732	G	A	45.7	46
45843174	A	G	45.7	35
46228314	T	C	45.7	35
46585123	T	C	45.7	35
46208165	T	C	45.5	156
46954276	T	C	45.5	121
44688958	T	G	45.5	66
46331396	T	C	45.5	55
44880215	T	C	45.5	44
46676967	AAAT	GA	45.5	33
45028700	A	G	45.5	22
46313088	A	T	45.5	22
46479836	T	A	45.5	22
46610419	T	C	45.5	22
46693740	G	A	45.5	22
46693752	G	ATTA	45.5	22
46709806	A	G	45.5	22
46228363	G	A	45.3	106
45616418	C	T	45.3	86
45615820	A	G	45.2	155
45843294	T	A	45.2	42
46055225	A	C	45.1	51
46329279	A	G	45.1	51
46313404	T	A	45	40
45145814	A	T	45	20
45569654	-	CCTC	45	20
45569656	AGAA	-	45	20
46223083	A	C	45	20
46223085	G	T	45	20
46223090	C	A	45	20
46223148	C	T	45	20
46314905	A	T	45	20
46601889	A	G	45	20
46674946	T	C	45	20
46693780	AAAAA	-	45	20
46871099	GAG	-	45	20
47126423	C	T	45	20
44689043	C	-	44.8	58
44815059	C	T	44.8	29
44915805	A	G	44.8	29
46399514	T	C	44.8	29
46585255	C	T	44.8	29
46585264	-	TG	44.8	29
46585266	AG	-	44.8	29
46815432	A	G	44.8	29
44879673	G	A	44.7	76
45028552	C	T	44.7	38
45610975	TAG	AAA	13.2	38
44917194	C	T	44.6	74
46317494	A	G	44.4	63
45066703	TG	CA	44.4	36
45806589	G	A	44.4	27
46313292	C	T	44.4	27
46850425	T	G	44.4	27
45804936	C	T	44.3	61
46636149	A	G	44.2	52
45804773	A	G	44.1	59
45615121	C	T	44.1	34
46585042	A	G	44.1	34
44917805	TG	CC	44	50
46401768	TT	CA	44	25
46401892	G	A	44	25
46472612	T	C	44	25
46330077	T	G	43.9	412
46677200	C	T	43.8	80
46209052	T	C	43.8	73
45746632	A	G	43.6	39
45865845	A	G	43.6	39
47002467	G	T	43.5	46
44931458	G	T	43.5	23
45629693	G	A	43.5	23
45805323	A	T	43.5	23
45806573	A	G	43.5	23
46007536	A	T	43.5	23
46437363	TT	GC	43.5	23
46679145	G	A	43.5	23
46707846	G	A	43.3	97
45689561	G	A	43.3	67
46207295	C	T	43.3	30
46542042	A	G	43.3	30
44881619	T	C	43.2	88
45865802	A	G	43.2	44
44881170	T	C	42.9	49
45843237	G	T	42.9	42
46249173	G	C	42.9	42
46542406	A	G	42.9	35
46707167	T	A	42.9	35
46472835	T	C	42.9	28
45414963	A	G	42.9	21
45636258	C	T	42.9	21
45690440	T	C	42.9	21
46223037	C	T	42.9	21
46296412	-	TA	42.9	21
46709963	A	G	42.9	21
47173674	T	C	42.9	21
46208544	G	A	42.7	143
44882177	C	T	42.5	153
45085184	A	T	42.5	40
46399782	C	T	42.5	40
45629759	T	C	42.4	92
45691349	C	T	42.4	33
45616481	A	G	42.3	71
44954066	C	G	42.3	26
45651604	T	C	42.3	26
45694046	A	G	42.3	26
46328937	G	A	42.3	26
46401559	A	T	42.3	26
46472626	T	G	42.3	26
46680303	A	G	42.3	26
46850323	T	C	42.3	26
45615212	A	G	42.2	45
45693686	G	A	42.2	45
45693731	C	T	42.2	45
44689044	G	A	42.1	57
46542380	G	A	42.1	38
44881579	T	C	42	88
46677569	C	G	42	69
46317212	G	A	41.9	93
46328690	C	A	41.9	43
44880798	TA	CCCTTG	41.9	31
45689238	A	G	41.9	31
45855713	A	G	41.9	31
46317448	A	G	41.8	67
46329640	A	G	41.7	72
46206975	G	A	41.7	36
46465923	T	C	41.7	36
46707387	T	C	41.7	36
45502700	G	A	41.7	24
45651754	C	A	41.7	24
45805385	T	C	41.5	65
46706973	G	A	41.5	65
46313419	A	G	41.5	41
45028583	T	C	41.4	29
45243843	C	T	41.4	29
46316975	C	T	41.4	29
46636162	G	A	41.3	46
45805073	A	G	41.2	68
46314202	A	G	41.2	51
45325791	A	G	41.2	34
46472742	A	G	41.2	34
46706836	C	T	41.2	34
46330436	C	T	41	305
45629820	-	T	40.9	88
45693767	G	A	40.9	44
46206871	T	G	40.9	44
44878715	TAT	C	40.9	22
45569772	TG	A	40.9	22
46223063	A	T	40.9	22
46314828	T	G	40.9	22
46316567	T	C	40.9	22
44882090	T	C	40.8	142
45805674	G	A	40.8	71
46677816	T	C	40.7	59
45694273	G	A	40.7	27
44692002	G	T	40.6	32
44917948	T	G	40.6	32
45584289	A	T	40.6	32
46466285	A	C	40.5	37
44881672	T	C	40.4	99
46317415	A	T	40.4	52
46447506	G	A	40.4	52
44880340	-	TATT	40.4	47
46329869	G	A	40.3	124
46330554	A	G	40.2	244
46329649	A	G	40.2	87
45689521	A	G	40	70
45619935	A	G	40	60
45689306	C	T	40	45
45804965	AA	GT	40	45
45605215	T	C	40	40
46313384	G	A	40	40
46331654	A	G	40	40
45325403	AG	CA	13.3	30
46678731	T	A	40	30
44878705	T	C	40	25
44878834	A	G	40	25
44831938	T	C	40	20
45636200	T	A	40	20
45804355	T	A	40	20
46268280	G	A	40	20
46207828	A	G	39.8	186
46208074	A	G	39.6	96
47065556	T	C	39.6	48
44881458	CAG	ACAA	39.5	86
46249204	A	C	39.5	43
46313356	C	A	39.5	38
46313358	A	T	39.5	38
47065363	T	C	31.6	38
46207739	G	A	39.4	137
46677872	C	A	39.4	66
45325830	A	G	39.4	33
46772021	T	A	39.4	33
45570581	T	G	39.3	28
45570683	A	G	39.3	28
45784772	C	T	39.3	28
46313180	T	C	39.3	28
47002382	C	T	39.3	28
44881197	C	T	39.2	51
46676892	C	T	39.2	51
46437259	G	-	39.1	64
44807132	C	T	39.1	23
44878828	A	G	39.1	23
45651766	G	A	39.1	23
46136814	T	A	39.1	23
46401619	T	C	39.1	23
46401625	T	A	39.1	23
46401710	A	G	39.1	23
46707142	C	T	39.1	23
47065301	A	G	39	77
45502744	C	A	38.9	36
46470239	G	T	38.9	36
45693156	A	G	38.7	31
46313469	T	C	38.6	44
44701838	T	A	38.5	26
46401521	A	C	38.5	26
46472969	ATTC	-	38.5	26
46677703	A	-	38.4	86
44879816	T	C	38.2	68
45689479	G	A	38.2	68
45805493	T	-	38.2	68
45325680	C	T	38.2	34
45804949	T	G	38.1	63
44689068	T	C	38.1	42
45689635	C	T	38.1	42
46095326	T	-	38.1	42
44878627	A	G	38.1	21
44878753	A	G	38.1	21
44916559	A	C	38.1	21
45636011	T	C	38.1	21
45693503	C	T	38.1	21
46223024	T	A	38.1	21
46435087	C	T	38.1	21
46228372	A	G	38	108
45693511	C	T	37.9	29
45693573	C	T	37.9	29
46677250	T	C	37.9	29
44880039	C	T	37.8	45
46470356	A	C	37.8	45
45805107	C	T	37.8	37
45843199	G	T	37.8	37
46772033	C	T	37.8	37
46707903	C	T	37.7	106
46707306	A	T	37.6	85
44881337	A	G	37.5	64
44879125	T	A	37.5	40
47065369	A	T	37.5	40
45690789	T	C	37.5	32
45143934	A	C	37.5	24
45746582	A	G	37.5	24
46401693	G	A	37.5	24
46466094	A	G	37.3	75
46636063	G	A	37.3	51
46399802	A	G	37.2	43
46314587	G	T	37.1	35
46314169	T	C	37	54
45610847	C	-	37	27
45806597	T	C	37	27
44958402	T	C	36.8	133
45569524	G	A	36.8	38
46317282	G	T	36.7	79
46207217	T	C	36.7	49
44916785	A	G	36.7	30
45586338	A	G	36.7	30
45694321	G	A	36.7	30
46707937	G	C	36.6	82
45611418	A	T	36.6	41
46676953	A	-	36.6	41
45805496	TA	GT	36.5	63
44882334	G	A	36.4	140
46228350	T	G	36.4	77
47125609	C	T	36.4	33
45415764	G	A	36.4	22
45651833	C	T	36.4	22
46007518	CGA	T	36.4	22
46249060	A	G	36.4	22
46401602	CTTTCCTTTTTG	TTT	36.4	22
46401946	T	C	36.4	22
46679402	T	C	36.4	22
46680065	T	-	36.4	22
46330314	C	T	36.3	292
45615793	-	T	36.3	157
46208838	T	C	36.2	141
46228417	G	A	36.2	127
44878974	T	C	36.1	36
44880698	-	CTTT	36.1	36
45689248	G	A	36.1	36
46399762	C	T	36.1	36
46329898	G	A	36	161
46330720	A	G	36	100
45276181	A	G	36	25
46472593	A	T	36	25
46613019	T	G	36	25
47158350	T	C	36	25
45502760	C	T	35.9	39
46677879	C	T	35.8	67
44814275	T	C	35.8	53
46613361	A	T	35.8	53
46329903	G	A	35.7	168
45181512	A	C	35.7	70
45144170	A	G	35.7	42
44701899	A	C	35.7	28
46679099	A	G	35.7	28
46708094	G	A	35.7	28
45186563	T	G	35.6	45
45569627	C	T	35.6	45
46677322	TGAAAAA	GAAAAG	35.6	45
45690773	G	A	35.5	31
46329759	A	G	35.4	181
46209134	A	-	35.4	48
46331382	T	C	35.3	68
45792335	C	T	35.3	51
46329659	G	A	35.2	91
46707521	A	G	35.1	77
44917676	C	A	35.1	74
45691449	G	C	35.1	57
45586382	A	C	35.1	37
45689190	G	A	35.1	37
45615379	C	T	35	80
45804954	C	T	35	60
46313365	C	G	35	40
47065370	T	G	35	40
44915956	T	C	35	20
45135895	T	C	35	20
46207406	C	T	35	20
46313562	GT	TA	35	20
46401955	T	C	35	20
46601930	C	T	35	20
46208996	C	T	34.9	83
46447568	A	G	34.9	63
45630186	A	G	34.9	43
44917383	C	-	34.8	92
45689723	T	A	34.8	46
44879379	T	C	34.8	23
45415846	G	A	34.8	23
45455955	T	C	34.8	23
46249063	C	T	34.8	23
46401648	G	A	34.8	23
46401717	T	G	34.8	23
44880119	C	T	34.7	49
44881465	C	T	34.6	78
46472615	T	C	34.6	26
46709873	T	C	34.6	26
44882047	AA	GG	34.5	139
45181259	C	T	34.5	29
46708703	T	C	34.5	29
46677008	T	A	34.4	61
45034564	A	-	34.4	32
46709893	T	C	34.4	32
44882060	-	T	34.3	143
44882078	T	C	34.3	140
45693177	A	G	34.3	35
46329894	G	A	34.2	161
46329690	G	A	34.2	149
45611487	A	G	34.2	38
44917322	C	T	34.1	88
44814053	G	A	34.1	44
44879261	T	C	34.1	44
45651521	T	A	34.1	44
46249186	C	G	34.1	41
46329795	A	G	34	197
45616013	C	T	34	162
45611121	A	G	34	47
45667794	-	A	34	47
44879919	C	T	33.9	56
46330068	G	A	33.8	376
46331371	T	G	33.8	68
45795680	C	A	33.8	65
46207907	C	-	33.7	178
46707919	A	T	33.7	98
46228459	A	G	33.7	95
44879427	GTC	TTT	33.3	60
45692268	C	T	33.3	57
46437310	G	A	33.3	57
45221628	A	C	33.3	54
45667454	G	A	33.3	45
45692314	A	G	33.3	45
45569509	C	T	33.3	39
45569559	G	A	33.3	39
46313372	A	G	33.3	39
45410583	C	T	33.3	36
45569491	TCAG	-	33.3	36
44814644	C	T	33.3	33
46207178	A	G	33.3	30
46707149	C	T	33.3	30
44701918	A	G	33.3	27
45690877	T	C	33.3	27
45806308	C	T	33.3	27
46314414	-	C	33.3	27
46709855	AC	T	33.3	27
44878652	C	T	33.3	24
45066673	A	T	33.3	24
45415006	T	C	33.3	24
45659081	C	T	33.3	24
46248987	T	G	33.3	24
46472996	A	G	33.3	24
45143954	T	A	33.3	21
45181200	T	C	33.3	21
45605459	G	A	33.3	21
45691109	C	T	33.3	21
45804388	T	C	33.3	21
45807346	A	T	33.3	21
46208239	T	G	33	179
46329684	A	G	33	115
45691888	C	T	33	94
46466083	A	G	32.9	82
44958198	C	A	32.9	70
45805421	A	G	32.9	70
46330265	-	T	32.8	402
45615945	-	C	32.8	174
46330206	G	A	32.7	419
44814186	C	T	32.7	55
44881203	A	G	32.7	49
46707199	C	T	32.7	49
45615388	A	G	32.6	86
45692318	G	A	32.6	46
45689289	G	A	32.6	43
44814412	T	C	32.5	40
46249145	G	T	32.5	40
46313389	A	G	32.5	40
46345871	T	G	32.5	40
44814436	A	T	32.4	37
45694282	C	T	32.3	31
46315006	C	T	32.3	31
46328921	C	T	32.3	31
45804820	C	T	32.1	78
45243624	C	T	32.1	28
45243848	A	G	32.1	28
45293854	G	A	32.1	28
45659022	G	A	32.1	28
45784771	G	A	32.1	28
47113629	T	C	32.1	28
45629808	A	G	32	100
45181566	T	C	32	50
45610988	T	C	32	50
45325478	C	G	32	25
45867173	TC	CA	32	25
46314538	CA	TG	32	25
44880573	G	A	31.9	47
46317311	T	C	31.8	66
45144146	T	C	31.8	44
45689613	AT	-	31.8	44
46206867	G	T	31.8	44
45806532	C	T	31.8	22
46313083	A	G	31.8	22
44881669	A	C	31.6	98
45630297	A	G	31.6	38
45616238	C	G	31.4	86
45616622	G	A	31.4	35
46399643	G	A	31.4	35
46678791	A	G	31.4	35
45804897	C	T	31.3	96
45693219	G	A	31.3	32
45806644	A	G	31.3	32
45616200	GG	-	31.2	93
45615939	T	C	31.1	177
46677089	A	G	31.1	103
45691409	A	G	31.1	45
45792401	C	T	31	58
45693142	T	G	31	29
45806685	A	G	31	29
46772011	-	TG	31	29
46331031	G	C	30.9	94
45693994	T	A	30.8	52
45118023	C	G	30.8	26
45651771	G	A	30.8	26
46331139	A	G	30.6	235
44881831	C	T	30.6	124
44814673	T	C	30.6	36
46313601	A	T	30.6	36
46636172	A	T	30.6	36
46954329	A	T	30.4	115
46317571	G	A	30.4	46
46472566	T	C	30.4	23
46677525	A	G	30.4	23
46733555	G	A	30.4	23
45693201	A	C	30.3	33
46314633	C	T	30.3	33
46647521	-	T	26.5	34
46678758	C	T	30.3	33
47125598	T	G	30.3	33
46330544	G	A	30.2	242
44880507	C	T	30.2	53
44814144	A	G	30.2	43
46330844	T	C	30.1	73
45792299	A	G	30	60
45865844	C	T	30	40
46676834	A	G	30	40
45693155	C	T	30	30
46679088	A	TTC	30	30
46707146	G	A	30	30
44877960	C	T	30	20
45569829	T	A	30	20
45651165	C	A	30	20
45807593	C	A	30	20
46297578	G	A	30	20
46297594	T	C	30	20
45667600	T	A	29.9	67
46677953	C	T	29.8	94
44881021	C	T	29.8	57
45689454	A	C	29.8	57
45804795	C	T	29.7	64
44813891	TT	-	29.7	37
45586369	G	A	29.7	37
45605285	G	T	29.7	37
46610554	A	C	29.7	37
46208460	T	C	29.6	135
45805620	G	C	29.6	54
45570775	A	G	29.6	27
45690663	A	G	29.6	27
45693508	T	C	29.6	27
45746449	T	G	29.6	27
46314543	C	T	29.6	27
45804791	-	AA	29.5	61
44880296	G	A	29.5	44
46207563	A	G	29.5	44
44880510	C	T	29.4	51
44917950	AA	-	29.4	34
46313617	T	C	29.4	34
46706888	A	T	29.3	41
46676905	T	G	29.2	89
46954031	T	C	29.2	65
45636003	A	T	29.2	24
45697659	G	A	29.2	24
46640152	C	T	29.2	24
45028577	C	T	29	31
45689264	T	C	29	31
45690832	G	A	29	31
46316803	T	C	29	31
46317152	T	A	28.9	97
45691830	G	A	28.9	83
45467505	A	TG	28.9	45
44879553	G	A	28.8	80
46313943	G	A	28.8	80
46437247	A	T	28.8	59
46636148	C	T	28.8	52
46207683	-	AA	28.7	108
46208867	AA	-	27.3	88
46330462	G	-	28.6	276
45615827	G	A	28.6	154
46954351	A	-	28.6	105
45694004	C	T	28.6	49
44880204	A	T	28.6	42
46542174	A	G	28.6	42
45221742	A	G	28.6	35
45293706	C	T	28.6	35
45616621	C	T	28.6	35
46465930	C	T	28.6	35
46676862	T	C	28.6	35
44701894	A	C	28.6	28
45569403	T	C	28.6	28
46610523	C	-	28.6	28
44877941	G	A	28.6	21
44943415	T	G	28.6	21
45325578	G	A	28.6	21
45415651	C	T	28.6	21
46304054	T	C	28.6	21
46304061	C	T	28.6	21
46316582	G	A	28.6	21
46678069	-	GA	28.6	21
46679358	G	A	28.6	21
46330816	C	G	28.4	95
45807628	AA	-	28.3	53
46954103	A	T	28.2	85
46313910	A	G	28.2	78
44915907	C	T	28.2	39
45806648	T	C	28.1	32
46542102	T	C	28.1	32
46676778	T	C	28.1	32
46208104	G	A	28	125
45691863	G	A	28	93
44879417	-	T	28	50
45616968	G	A	28	25
46007610	G	A	28	25
46440159	C	T	28	25
46679769	A	G	28	25
46313876	AGTTATCTACAAT	-	27.9	68
44915708	G	A	27.9	43
46345847	G	C	27.9	43
46677676	G	A	27.9	43
44881089	A	C	27.8	54
46466052	C	T	27.8	54
44880627	CTTTT	TTC	27.8	36
46542419	A	G	27.8	36
46954088	T	C	27.7	83
45667792	GG	A	27.7	47
45616108	A	G	27.6	116
46007571	TC	-	27.6	29
45693666	C	T	27.5	40
46676833	C	T	27.5	40
46228395	T	A	27.4	124
46317354	-	T	27.4	84
46329357	C	T	27.4	73
45615295	G	A	27.4	62
46208330	T	C	27.3	139
45667587	A	T	27.3	66
46317526	T	C	27.3	66
44917819	G	A	27.3	55
44880282	A	G	27.3	44
46249247	C	T	27.3	44
46579044	A	T	27.3	44
45039978	G	T	27.3	33
46542081	C	G	27.3	33
44977595	T	C	27.3	22
45135915	T	C	27.3	22
45614989	C	A	27.3	22
45651393	T	C	27.3	22
45658953	-	G	27.3	22
46314503	G	A	27.3	22
46314830	C	G	27.3	22
46679139	A	G	27.3	22
46707140	G	A	27.3	22
47002018	G	A	27.3	22
44814944	G	A	27.1	48
46313709	G	A	27.1	48
45667536	A	C	27	63
44878457	A	C	27	37
46331229	G	A	26.9	78
45746464	T	-	26.9	26
46708669	C	T	26.9	26
46772123	-	TG	26.9	26
46206959	G	A	26.8	41
46316996	G	A	26.8	41
46676813	T	C	26.8	41
46314143	G	A	26.7	45
47054219	T	C	26.7	45
45611475	A	G	26.7	30
45636109	G	A	26.7	30
47125589	CC	T	26.5	34
44881963	C	T	26.4	144
45629777	T	A	26.3	99
44879473	C	T	26.3	76
44814421	A	C	26.3	38
44880176	T	C	26.3	38
45615751	G	A	26.2	145
44814477	A	G	26.2	42
46249197	T	G	26.2	42
46249253	-	C	26.2	42
44882494	A	G	26.1	69
44807152	C	T	26.1	23
44953987	G	A	26.1	23
46466356	AA	-	26.1	23
46680079	T	C	26.1	23
46707026	C	T	26.1	23
44881472	A	G	26	73
45693991	T	A	26	50
46676896	A	G	25.9	54
44691997	A	G	25.9	27
45005173	C	T	25.8	89
45615301	C	T	25.8	62
45805784	G	A	25.8	62
44880765	TT	CTC	25.8	31
45690764	G	A	25.8	31
46470462	C	T	25.8	31
46679166	G	A	25.8	31
45586365	A	T	25.7	35
45611521	A	T	25.7	35
46313611	T	GC	25.7	35
46330962	A	T	25.6	86
45615145	C	T	25.6	39
47002214	C	T	25.6	39
47113566	T	C	25.6	39
46437225	T	C	25.5	51
46677579	C	T	25.5	51
47065562	A	C	25.5	47
46707469	A	G	25.3	83
47065279	CT	TC	25.3	75
46330468	G	A	25	272
46207901	C	-	25	180
44882079	G	-	25	140
46330705	G	A	19.4	98
44879739	T	A	25	76
44917777	G	A	25	56
44915921	A	G	25	32
45325708	G	A	25	32
46314643	T	C	25	32
45693586	C	T	25	28
45693596	A	G	25	28
45693603	A	G	25	28
47065678	C	T	25	28
44878734	G	A	25	24
45028658	C	T	25	24
45690520	G	A	25	24
44918111	T	C	25	20
46297592	C	T	25	20
46568601	C	T	25	20
46679124	A	C	25	20
46331167	T	-	24.7	186
46209056	A	G	24.7	73
45616182	C	T	24.6	114
45667552	T	A	24.6	65
45792296	C	T	24.6	61
46208682	A	G	24.5	143
44882427	T	C	24.5	94
44879941	A	G	24.5	53
46680218	G	A	24.5	49
46707068	A	G	24.5	49
46954128	C	T	24.4	90
45691980	T	C	24.4	86
45746618	A	C	24.4	45
45804968	C	-	24.4	45
46329217	A	C	24.4	41
46207682	GG	-	24.3	107
46999191	C	-	24.3	70
45693885	C	T	24.3	37
46677287	A	T	24.3	37
44881447	T	A	24.2	95
46228342	G	C	24.1	58
45570733	A	G	24.1	29
46313184	T	C	24.1	29
46314393	C	T	24.1	29
46678724	T	C	24.1	29
46676917	C	T	24	100
45795697	A	T	24	50
45569837	G	T	24	25
46248973	G	A	24	25
46676596	C	G	24	25
45615475	T	C	23.9	113
44958513	T	C	23.9	88
44881474	TA	AG	23.9	71
46330850	CC	TTG	23.9	71
44879811	A	G	23.9	67
46465965	A	G	23.9	67
46466248	T	A	23.9	46
46328717	C	T	23.8	101
44879508	T	C	23.8	84
44881491	A	C	23.8	84
45667505	A	G	23.8	63
45689431	C	T	23.8	63
46317549	C	T	23.8	63
45636210	T	A	23.8	21
46316586	C	T	23.8	21
46316887	G	AA	23.8	21
46316891	T	C	23.8	21
46473055	C	T	23.8	21
46568584	T	C	23.8	21
44880826	T	C	23.7	38
44917957	CC	-	23.7	38
45629842	T	A	23.5	68
46345983	C	T	23.5	34
46707615	C	T	23.4	154
45691862	C	T	23.4	94
44917368	C	T	23.3	86
44917217	A	G	23.3	73
46636119	-	G	23.3	73
44915688	G	A	23.3	60
45611494	T	C	23.3	43
46345629	G	A	23.3	30
46472805	A	G	23.3	30
45616069	G	A	23.1	117
45616113	G	A	23.1	117
44917433	T	C	23.1	104
45805648	C	T	23.1	78
45689200	T	A	23.1	39
45746635	T	A	23.1	39
44813685	T	C	23.1	26
45651610	T	A	23.1	26
46174216	C	T	23.1	26
46248969	A	T	23.1	26
46610607	C	T	23.1	26
46640140	C	T	23.1	26
46706794	T	C	23.1	26
46772136	T	C	23.1	26
44881478	G	A	23	74
45615803	C	A	22.9	153
45804879	G	T	22.9	105
45616420	G	A	22.9	83
46677318	C	T	22.9	48
45325671	C	T	22.9	35
45690679	G	A	22.9	35
46341412	G	A	22.9	35
46329918	C	T	22.8	180
46676924	C	T	22.8	101
46677076	G	A	22.8	101
46707295	-	A	22.7	88
46313954	C	T	22.7	75
45186655	AG	-	22.7	44
45028642	A	C	22.7	22
45135905	C	T	22.7	22
45689049	G	A	22.7	22
45806043	G	A	22.7	22
46304135	C	T	22.7	22
45805061	G	A	22.6	84
46610181	G	A	22.6	31
46707958	C	T	22.5	71
46207765	A	G	22.4	161
46208149	-	T	22.4	143
44958264	G	A	22.4	116
46313740	G	A	22.4	76
47065508	C	T	22.4	67
44880535	-	GT	22.4	49
45694005	G	A	22.4	49
45028416	A	-	22.2	36
46345971	G	A	22.2	36
47113618	G	A	22.2	36
45028403	AGTCACCCTGACC	-	22.2	27
45610843	A	T	22.2	27
45651580	T	C	22.2	27
46000334	C	T	22.2	27
46313176	C	T	22.2	27
46315033	T	A	22.2	27
45610825	C	T	22	50
45619930	C	T	22	50
46207242	C	A	22	41
46208213	A	G	21.9	187
45615787	A	T	21.9	155
44881310	G	A	21.9	64
45325637	A	G	21.9	32
45691334	C	T	21.9	32
46313692	C	T	21.9	32
46707157	TT	-	21.9	32
47002391	G	T	21.9	32
44958246	C	T	21.8	110
45667477	C	T	21.8	55
46330403	C	A	21.7	207
46707488	C	T	21.7	69
44880302	C	T	21.7	46
44882799	AT	CAGCA	21.7	23
45028638	G	A	21.7	23
45415844	C	T	21.7	23
45569314	C	T	21.7	23
45867117	A	G	21.7	23
46440151	C	A	21.7	23
44958270	C	T	21.6	116
46330728	C	T	21.6	102
45066817	T	G	21.6	37
45066824	CT	AA	21.6	37
46209011	G	A	21.5	79
46707610	T	A	21.4	154
44881230	A	T	21.4	56
44814468	G	T	21.4	42
46613338	C	T	21.4	42
45028305	C	T	21.4	28
45415824	C	T	21.4	28
45651571	G	A	21.4	28
46207389	G	A	21.4	28
46328940	A	T	21.4	28
46679091	G	A	21.4	28
47002375	A	G	21.4	28
47053973	T	C	21.4	28
46330960	G	A	21.3	108
45584368	C	TG	21.3	61
46636134	C	-	21.3	61
46330337	T	-	21.2	349
45629939	G	A	21.2	33
45806656	C	T	21.2	33
46330320	-	T	21.1	280
44881945	A	G	21.1	133
44917231	C	T	21.1	76
46999151	A	G	21.1	76
44692017	G	-	21.1	38
44878460	G	A	21.1	38
44917954	AA	-	21.1	38
46788840	C	T	21.1	38
46329960	A	-	20.9	220
46466129	T	C	20.9	91
45005157	C	T	16.3	86
46329506	A	G	20.9	67
44879274	C	T	20.9	43
44880267	A	T	20.9	43
45066756	A	G	20.9	43
46470301	G	A	20.9	43
46207698	A	G	20.8	96
46330821	G	A	20.8	96
45807644	T	-	20.8	72
45615247	A	G	20.8	53
45615252	T	C	20.8	53
46708005	C	T	20.8	53
45694017	C	T	20.8	48
46542294	G	A	20.8	48
45674752	A	G	20.8	24
45689329	C	T	20.8	24
45807366	ATT	TA	20.8	24
44882074	A	G	20.7	140
45693558	TTT	-	20.7	29
46314401	C	T	20.7	29
47125524	C	T	20.7	29
46329785	T	G	20.6	189
45066700	G	-	20.6	34
45693323	T	C	20.6	34
45855712	C	T	20.6	34
46331689	A	T	20.6	34
44882436	T	G	20.5	83
45611066	C	A	20.5	44
45616583	G	A	20.5	44
46470280	C	T	20.5	44
44815009	A	G	20.5	39
45611071	-	C	20.5	39
46707177	A	G	20.5	39
46788853	C	A	20.5	39
46680217	C	T	20.4	49
46331351	G	A	20.3	74
44689027	A	T	20.3	64
45805060	C	T	20	85
46313902	A	G	20	75
45689393	TT	AA	20	50
45792176	G	A	20	50
47054232	T	G	20	45
45630061	T	C	20	40
45693854	GG	A	15	40
46313398	A	G	20	40
46677791	TG	CA	20	40
44814785	A	T	20	35
46465931	G	A	20	35
46678796	C	G	20	35
44915752	C	T	20	30
46007563	A	T	20	30
46316798	T	C	20	30
46399704	A	G	20	30
46709889	C	T	20	30
45414403	GG	CT	20	20
46207328	T	C	20	20
46207898	T	-	19.9	181
45615874	A	T	19.9	171
44879759	T	A	19.7	76
45615286	G	A	19.7	61
45667460	G	A	19.6	51
46331173	G	A	19.5	195
46330582	G	A	19.5	190
45615912	A	G	19.5	164
45667888	G	A	19.5	41
45693923	C	T	19.5	41
45693927	C	T	19.5	41
47054185	G	A	19.5	41
47065335	T	C	19.5	41
46208252	G	A	19.4	175
46313833	GGGA	AGGC	19.4	67
45689253	C	T	19.4	36
45693651	T	G	19.4	36
46314370	G	A	19.4	31
46677255	C	T	19.4	31
44958489	A	G	19.2	99
47065526	C	A	19.2	52
46678710	G	A	19.2	26
46680280	T	C	19.2	26
46709821	A	T	19.2	26
46709999	G	A	19.2	26
45804894	C	T	19.1	94
46677854	T	C	19.1	68
44880942	A	G	19.1	47
45181578	G	A	19.1	47
45615223	C	T	19.1	47
46317016	T	A	19.1	47
44881660	G	A	19	100
46208999	A	G	19	79
44880918	T	CTA	19	42
44880921	CA	-	19	42
45186786	A	T	19	42
45805552	A	C	19	42
47054133	A	G	19	42
45570299	A	T	19	21
45746574	C	T	19	21
46568610	A	G	19	21
46709962	C	T	19	21
46772295	T	C	19	21
45616299	G	A	18.9	74
45221631	C	T	18.9	53
46317566	C	T	18.9	53
45586394	C	T	18.9	37
45690701	T	C	18.9	37
46313240	T	C	18.9	37
46647575	C	T	18.9	37
44879523	A	G	18.8	85
46677218	T	C	18.8	69
44878422	T	C	18.8	32
44917945	AA	-	18.8	32
45693409	T	C	18.8	32
45805478	A	G	18.7	91
44879475	C	T	18.7	75
46208255	A	C	18.6	172
45616147	A	G	18.6	113
44880556	A	C	18.6	43
44882450	G	C	18.5	81
45690654	G	A	18.5	27
45690662	C	T	18.5	27
46313553	T	C	18.5	27
46440224	A	G	18.5	27
46440231	T	A	18.5	27
46542022	CC	TT	18.5	27
47113630	G	A	18.5	27
46208819	C	T	18.4	152
46328814	G	A	18.4	114
46999150	-	T	18.4	76
45689388	TA	CT	18.4	49
44692016	T	C	18.4	38
45611436	G	A	18.4	38
46249114	G	C	18.4	38
46208827	T	C	18.3	153
44917652	T	C	18.3	82
46000561	C	A	18.3	71
46707483	-	A	18.2	66
44814201	T	C	18.2	55
45805560	C	T	18.2	44
46207525	C	T	18.2	44
44880663	T	A	18.2	33
46472732	G	A	18.2	33
44882868	C	T	18.2	22
44882885	G	A	18.2	22
44954019	C	A	18.2	22
44954020	G	TA	18.2	22
45651065	C	T	18.2	22
46679272	A	G	18.2	22
46317199	G	C	18.1	83
46207847	T	C	18	189
45616141	C	T	18	111
46331392	C	T	17.9	56
44815008	G	A	17.9	39
45629933	C	T	17.9	39
44939347	C	T	17.9	28
45569349	T	A	17.9	28
45689364	C	T	17.9	28
46249072	T	A	17.9	28
46440283	C	G	17.9	28
46709829	T	C	17.9	28
44917214	A	C	17.8	73
46954251	T	C	17.7	124
45805756	-	A	17.7	62
46330374	G	A	17.6	323
44881418	C	T	17.6	85
45325741	C	T	17.6	34
45693333	C	T	17.6	34
45807600	A	G	17.6	34
45843165	C	A	17.6	34
46707746	T	C	17.5	57
46345900	C	T	17.5	40
46314111	TCT	CCC	17.4	46
46314221	T	A	17.4	46
47002427	T	C	17.4	46
45342896	G	A	17.4	23
45569870	C	T	17.4	23
46678189	T	C	17.4	23
46679274	T	G	17.4	23
44881384	C	T	17.3	75
45616451	C	T	17.3	75
44881106	C	T	17.3	52
47065425	G	-	17.3	52
46470492	C	A	17.2	29
46678718	A	G	17.2	29
47054005	T	C	17.2	29
46209026	T	A	17.1	82
46328706	G	A	17.1	82
44880183	C	T	17.1	41
45221711	T	A	17.1	41
44813933	C	T	17.1	35
44814659	A	T	17.1	35
44880647	T	C	17.1	35
45415013	T	G	17.1	35
44879532	T	C	17	88
46317045	G	A	17	47
46328692	G	A	17	47
46676943	G	A	16.9	89
44881466	A	G	16.9	77
46677966	G	A	16.9	77
45034621	C	-	16.9	65
46317383	C	T	16.9	59
46317560	TG	AA	16.9	59
46208457	A	-	16.8	131
46331023	T	G	16.8	95
46208733	T	C	16.7	120
45616558	G	A	16.7	54
45691429	C	A	16.7	54
46466033	T	C	16.7	54
44814334	T	C	16.7	42
45186698	G	A	16.7	42
46470288	G	A	16.7	42
47065638	C	G	16.7	42
46000624	T	C	16.7	36
46542405	C	T	16.7	36
45569749	T	C	16.7	30
45651449	CG	-	16.7	30
47054022	C	T	16.7	30
44882590	T	C	16.7	24
45617081	C	T	16.7	24
45651411	C	A	16.7	24
45689125	C	T	16.7	24
46314439	T	A	16.7	24
46315102	C	T	16.7	24
46707145	C	T	16.7	24
47075465	A	G	16.7	24
46707849	T	A	16.5	97
45689503	C	G	16.4	73
46208496	G	A	16.3	123
44879294	G	A	16.3	49
45693739	C	T	16.3	43
45805362	C	T	16.3	43
46331468	CC	TG	16.3	43
44881724	G	A	16.2	99
46329358	G	A	16.2	74
46331679	G	C	16.2	37
46542152	-	A	16.2	37
46610564	G	T	16.2	37
46317484	G	A	16.1	62
44881243	T	A	16.1	56
44878896	C	T	16.1	31
46472787	G	A	16.1	31
46679811	CAAA	AAG	16.1	31
46330168	-	T	16	405
44882126	C	T	16	144
46313989	A	T	16	81
46330941	C	A	16	75
44880484	C	A	16	50
45619991	A	C	10	50
45692304	CCCCT	TGCCC	16	50
45691218	A	GT	16	25
45843408	C	T	16	25
46679249	G	A	16	25
46706797	T	C	16	25
46317550	T	C	15.9	63
45467496	T	A	15.9	44
45615204	C	T	15.9	44
46345961	G	C	15.9	44
46399797	-	GGAA	15.9	44
45615756	C	T	15.8	146
44881082	C	T	15.8	57
44813972	C	A	15.8	38
45586372	C	G	15.8	38
45616591	-	CGCC	15.8	38
44881846	G	A	15.7	121
45804829	G	T	15.7	83
45616285	T	C	15.7	70
44881000	T	C	11.8	51
46636057	G	-	15.7	51
46999075	G	A	15.6	77
44917255	A	C	15.6	64
45691523	G	A	15.6	64
44814077	C	T	15.6	45
46209147	T	C	15.6	45
46313453	T	C	15.6	45
46331450	C	T	15.6	45
46676779	G	A	15.6	32
44814715	C	G	15.4	39
44880911	T	G	15.4	39
44917943	TT	-	15.4	39
46678805	A	G	15.4	39
47113573	AA	GT	15.4	39
44691982	T	CA	15.4	26
45570536	A	G	15.4	26
45806759	C	T	15.4	26
46207171	C	T	15.4	26
46706798	G	A	15.4	26
46330170	G	A	15.3	405
45615512	G	A	15.3	118
46208562	G	A	15.2	145
46330883	G	A	15.2	79
44880085	T	A	15.2	46
44880366	T	C	15.2	46
45693718	C	A	15.2	46
45144132	A	T	15.2	33
45293678	T	C	15.2	33
46610155	C	T	15.2	33
46679065	A	T	15.2	33
46331038	G	A	15.1	93
46466032	G	A	15.1	53
46330386	G	A	15	307
45584374	-	A	15	60
45605222	C	A	15	40
46206881	-	T	15	40
45028679	C	T	15	20
45605419	A	G	15	20
45651847	T	AC	15	20
46207598	A	G	15	20
46708146	A	G	15	20
46208550	T	C	14.8	142
45636119	T	G	14.8	27
45636124	C	T	14.8	27
46314534	C	T	14.8	27
44917286	G	A	14.7	75
46331279	C	A	14.7	68
46677974	G	T	14.7	34
46208125	A	G	14.6	137
44814078	G	A	14.6	48
44915890	G	A	14.6	41
44879656	A	G	14.5	83
46706958	G	A	14.5	69
44917826	A	G	14.5	55
46314083	G	-	14.3	49
45667884	C	T	14.3	42
47054181	T	C	14.3	42
44916833	G	T	14.3	28
45570766	C	G	14.3	28
45667941	TG	CAA	14.3	28
46437189	G	T	14.3	28
46709833	C	T	14.3	28
45040519	T	A	14.3	21
45144008	T	C	14.3	21
45636067	A	C	14.3	21
46207402	A	G	14.3	21
46473056	G	A	14.3	21
46733542	A	G	14.3	21
47126439	A	G	14.3	21
46207838	-	T	14.1	185
46207843	A	G	14.1	185
46329661	G	A	14.1	92
45691944	C	T	14.1	85
44881210	A	T	14	50
45615182	G	A	14	43
46313227	T	C	13.9	36
46678781	AA	-	13.8	29
46707616	A	G	13.7	153
46954253	C	-	13.7	124
44880115	T	C	13.7	51
44880518	G	A	13.7	51
45689573	G	A	13.7	51
47065330	A	G	13.6	44
46316632	C	T	13.6	22
45066725	C	T	13.5	37
45586379	G	C	13.5	37
46708034	C	T	13.5	37
47065342	C	G	13.5	37
47113549	T	A	13.5	37
46207674	G	T	13.4	112
45667576	A	T	13.4	67
46208942	A	G	13.3	90
45005127	T	C	13.3	83
45616454	C	A	13.3	75
46313901	T	C	13.3	75
45807531	A	T	13.3	45
45066855	T	C	13.3	30
45502710	G	A	13.3	30
45693530	C	T	13.3	30
46677413	C	T	13.3	30
46677606	G	A	13.3	30
46328783	C	G	13.2	151
45066716	G	T	13.2	38
45630151	G	A	13.2	38
45615694	A	G	13.1	137
46208081	G	A	13.1	99
45667495	C	T	13.1	61
45805733	G	A	13.1	61
46330443	A	G	13	315
46228430	C	G	13	115
46330939	G	T	13	77
45181587	C	T	13	46
45630246	G	A	13	46
45691416	T	C	13	46
46331461	A	G	13	46
47065380	G	A	13	46
44882821	T	C	13	23
45616800	T	A	13	23
47158359	G	A	13	23
46330082	G	A	12.9	419
46677546	A	G	12.9	85
45805142	G	T	12.9	62
46345805	C	T	12.9	31
46399686	T	C	12.9	31
47002355	T	G	12.9	31
46207827	C	-	12.8	187
46707942	C	T	12.8	78
46331459	A	G	12.8	47
45615146	G	A	12.8	39
45693972	C	A	12.8	39
46317493	C	T	12.7	63
46317202	T	C	12.5	88
46331019	C	T	12.5	88
45181471	-	T	12.5	64
46317498	T	C	12.5	64
45805808	A	G	12.5	48
46317024	T	C	12.5	48
46542318	A	G	12.5	48
44915644	C	T	12.5	40
45325799	G	A	12.5	32
46472757	G	A	12.5	32
46472763	T	C	12.5	32
46678785	AAAA	-	12.5	32
45325486	G	A	12.5	24
45805288	A	T	12.5	24
45946820	T	A	12.5	24
46679445	C	T	12.5	24
45804857	T	A	12.3	106
45805640	T	C	12.3	73
44917270	AAA	CAAG	12.3	65
45691522	C	T	12.3	65
46208198	T	A	12.2	188
46677959	A	G	12.2	90
45691459	C	T	12.1	58
44879028	A	G	12.1	33
45066699	C	T	12.1	33
45325690	C	T	12.1	33
45629996	A	G	12.1	33
46345992	T	A	12.1	33
44917619	A	G	12	92
45082872	C	T	12	25
45636080	T	A	12	25
45689867	T	C	12	25
45691231	C	T	12	25
45691242	T	C	12	25
46331627	A	G	12	25
46613014	C	A	12	25
46640145	C	A	12	25
46329957	GG	-	11.9	218
46207816	G	-	11.9	194
46208969	A	T	11.9	84
46707498	TT	CC	11.9	67
46317483	C	T	11.9	59
45569569	C	T	11.9	42
46314242	T	C	11.9	42
46314259	T	A	11.9	42
45629826	T	C	11.8	85
44879961	T	C	11.8	51
45293702	G	A	11.8	34
46313209	G	T	11.8	34
45616356	T	A	11.6	95
46208935	C	T	11.6	86
44814330	C	G	11.6	43
44879258	G	C	11.6	43
46207524	G	A	11.6	43
46329668	G	A	11.5	96
45186619	G	A	11.5	52
44882761	C	T	11.5	26
45325609	A	C	11.5	26
45651770	C	T	11.5	26
45806710	A	G	11.5	26
46399446	T	C	11.5	26
47075472	C	T	11.5	26
44882509	G	A	11.4	70
45693741	CCC	ATT	11.4	44
45693755	C	G	11.4	44
45693776	C	T	11.4	44
46249248	G	A	11.4	44
45605299	T	C	11.4	35
46680245	A	C	11.4	35
46330012	G	-	11.3	346
45691552	C	T	11.3	71
44915662	G	A	11.3	62
46707227	C	T	11.3	62
44814195	G	A	11.1	54
46313780	T	-	11.1	54
45569625	C	T	11.1	45
46707422	C	GA	11.1	45
45293660	T	G	11.1	36
46313197	G	C	11.1	36
44879405	T	C	11.1	27
45616836	A	C	11.1	27
45690878	G	A	11.1	27
45867159	G	A	11.1	27
44879972	C	T	10.9	55
44814982	T	C	10.9	46
44880079	A	T	10.9	46
46207834	-	G	10.8	186
45630115	A	T	10.8	37
46677285	A	T	10.8	37
46680129	A	G	10.8	37
45615559	A	G	10.7	103
44881221	C	T	10.7	56
44915777	C	T	10.7	28
45792191	G	A	10.6	66
46317514	A	C	10.6	66
46314219	-	AT	10.6	47
44814835	G	CA	10.5	38
46542545	A	T	10.5	38
45186513	G	A	10.4	48
45805929	C	T	10.4	48
46208071	A	C	10.3	97
44917669	C	-	10.3	78
44880178	C	T	10.3	39
45630042	A	G	10.3	39
45693865	A	T	10.3	39
45293559	C	A	10.3	29
45806021	T	A	10.3	29
45806683	C	T	10.3	29
46313550	C	T	10.3	29
46472827	G	A	10.3	29
46636025	C	T	10.3	29
45691787	TTG	-	10.1	69
46954217	A	T	10	120
45667489	G	A	10	60
46707042	T	C	10	50
45630059	G	A	10	40
45630062	G	A	10	40
45805099	C	A	10	40
44878865	T	C	10	30
45243885	T	C	10	30
46470225	T	C	10	30
46815422	T	C	10	30
Total SNPs in the 101 lineage is 2853
Total SNPs in the 204 lineage is 564
Position	mm9	101	204
46330206	G	-	A
44917322	C	TG	T
45689444	C	T	TACC
45667576	A	C	T
46542380	G	AA	A
46542545	A	C	T
45186646	TAGAGCAAT	A	AAG
45467503	T	-	C
44814053	G	TGTTCT	A
44814039	G	-	A
Total SNPs different between 101 and 204 lineages is 10
